{
  "global_mean": 109.4595947265625,
  "global_std": 52.08502960205078,
  "global_min": 0.0,
  "global_max": 255.0,
  "pixels_analyzed": 150600
}