feature,correlation_with_severity
brightness_mean,-0.410620697497522
contrast_std,0.6752356798061777
red_dominance,-0.6348705487376587
green_vessel_density,0.10512854047602169
texture_variance,-0.08245347965834045
